{
  "Agaricus": {
    "precision": 0.8627450980392157,
    "recall": 0.8301886792452831,
    "f1-score": 0.8461538461538461,
    "support": 53.0
  },
  "Amanita": {
    "precision": 0.9203539823008849,
    "recall": 0.9285714285714286,
    "f1-score": 0.9244444444444444,
    "support": 112.0
  },
  "Boletus": {
    "precision": 0.9556962025316456,
    "recall": 0.937888198757764,
    "f1-score": 0.9467084639498433,
    "support": 161.0
  },
  "Cortinarius": {
    "precision": 0.7350993377483444,
    "recall": 0.888,
    "f1-score": 0.8043478260869565,
    "support": 125.0
  },
  "Entoloma": {
    "precision": 0.8103448275862069,
    "recall": 0.8703703703703703,
    "f1-score": 0.8392857142857143,
    "support": 54.0
  },
  "Hygrocybe": {
    "precision": 1.0,
    "recall": 0.8333333333333334,
    "f1-score": 0.9090909090909091,
    "support": 48.0
  },
  "Lactarius": {
    "precision": 0.9158878504672897,
    "recall": 0.8340425531914893,
    "f1-score": 0.8730512249443207,
    "support": 235.0
  },
  "Russula": {
    "precision": 0.9241379310344827,
    "recall": 0.7790697674418605,
    "f1-score": 0.8454258675078864,
    "support": 172.0
  },
  "Suillus": {
    "precision": 0.711864406779661,
    "recall": 0.8936170212765957,
    "f1-score": 0.7924528301886793,
    "support": 47.0
  },
  "Exidia": {
    "precision": 1.0,
    "recall": 0.9692307692307692,
    "f1-score": 0.984375,
    "support": 65.0
  },
  "Inocybe": {
    "precision": 0.7876106194690266,
    "recall": 0.956989247311828,
    "f1-score": 0.8640776699029126,
    "support": 93.0
  },
  "accuracy": 0.8763948497854077,
  "macro avg": {
    "precision": 0.8748854778142507,
    "recall": 0.883754669884611,
    "f1-score": 0.8754012542323192,
    "support": 1165.0
  },
  "weighted avg": {
    "precision": 0.8860163488897668,
    "recall": 0.8763948497854077,
    "f1-score": 0.877660457666634,
    "support": 1165.0
  }
}